Workbook

Sheet Liu2019
B2: Paper information
B3: Authors | C3: Liu et al.
B4: Title | C4: Experimental and numerical investigation of a high-eﬃciency dew-point evaporative cooler
B5: Year | C5: 2019
B6: Data type | C6: Experimental data, extracted from table
B7: Description | C7: D-IEC similar to a cooling tower to investigate the effect of water temperature and water flow rate on the primary air outlet temperature. Core of the exchanger made of 235 vertical aluminium plates, coated with a high-wettability porous fiber on the wet channel side, with water distribution in the wet channels by spraying. The temperature and water flow rate should be adjusted to optimise the performance of the D-IEC for large water-to-air flow rate ratios.
B9: HEX characteristics | E9: Configuration
B10: HEX type | C10: D-IEC | E10: pd | F10: wf | G10: pd | H10: sw | I10: sw | J10: wf
B11: Water injection type | C11: Sprayed-water theory | E11: counterflow | G11: counterflow | I11: parallel
B12: Water recirculation | C12: Yes
B13: Wall material | C13: Aluminium
B14: Configuration | C14: PCC
B16: Geometry | F16: Measurement uncertainties
B17: Length | C17: 1.05 | D17: m | F17: Temperature | G17: 0.1 | H17: K
B18: Width | C18: 0.716 | D18: m | F18: Humidity | G18: 3.2441053 | H18: %
B19: Height | C19: 1.0062 | D19: m | F19: Air flow | G19: 6.3 | H19: %
B20: Channel height | C20: 0.0043 | D20: m
B21: Wall thickness | C21: NA | D21: m
B22: Number of channels | C22: =2*117 -> 234 | D22: -
B24: Operating conditions
B25: Primary fluid velocity | C25: 1.6-2.5 | D25: m/s
B26: Secondary fluid velocity | C26: 0.75-1 | D26: m/s
B27: Secondary-to-Primary flow rate ratio | C27: 0.36-0.54 | D27: kg/kg
B28: Water supplied | C28: 0.1 - 0.266 | D28: kg/s

Sheet Data
B1: Testing conditions | L1: Inlet conditions | T1: Outlet conditions
A2: Run | B2: Test | C2: L | D2: h_ch | E2: W | F2: WWR | G2: SPR | H2: Re | I2: Nu | J2: h_T_pd | K2: h_T_sw | L2: T_pdi | M2: w_pdi | N2: v_pdi | O2: T_swi | P2: w_swi | Q2: v_swi | R2: T_wfi | S2: m_dot_wf | T2: T_pdo | U2: w_pdo | V2: T_swo | W2: w_swo | X2: epsilon_wb | Y2: epsilon_dp
A3: 1 | B3: A | C3: ='Liu2019'!$C$17 -> 1.05 | D3: ='Liu2019'!$C$20 -> 0.0043 | E3: ='Liu2019'!$C$18 -> 0.716 | F3: 1.1 | G3: 0.403 | H3: 1165.1947 | I3: 8.23 | J3: 28.059752 | K3: 28.059752 | L3: 38.3 | M3: 0.010741779 | N3: 2.4313872 | O3: 23.4 | P3: 0.010741779 | Q3: 0.97984905 | R3: 26 | S3: 0.0022792023 | T3: 23.4 | U3: 0.010741779 | V3: NA | W3: NA | X3: 0.955 | Y3: 0.648
A4: 2 | B4: A | C4: ='Liu2019'!$C$17 -> 1.05 | D4: ='Liu2019'!$C$20 -> 0.0043 | E4: ='Liu2019'!$C$18 -> 0.716 | F4: 1.1 | G4: 0.437 | H4: 1084.2732 | I4: 8.23 | J4: 28.037496 | K4: 28.037496 | L4: 38.1 | M4: 0.010454159 | N4: 2.257882 | O4: 23 | P4: 0.010454159 | Q4: 0.98669441 | R4: 26 | S4: 0.0022792023 | T4: 23 | U4: 0.010454159 | V4: NA | W4: NA | X4: 0.962 | Y4: 0.651
A5: 3 | B5: A | C5: ='Liu2019'!$C$17 -> 1.05 | D5: ='Liu2019'!$C$20 -> 0.0043 | E5: ='Liu2019'!$C$18 -> 0.716 | F5: 1.1 | G5: 0.437 | H5: 1085.8546 | I5: 8.23 | J5: 28.018358 | K5: 28.018358 | L5: 38.1 | M5: 0.010454159 | N5: 2.257882 | O5: 22.5 | P5: 0.010454159 | Q5: 0.98669441 | R5: 26 | S5: 0.00085470085 | T5: 22.5 | U5: 0.010454159 | V5: NA | W5: NA | X5: 0.969 | Y5: 0.647
A6: 4 | B6: A | C6: ='Liu2019'!$C$17 -> 1.05 | D6: ='Liu2019'!$C$20 -> 0.0043 | E6: ='Liu2019'!$C$18 -> 0.716 | F6: 1.1 | G6: 0.445 | H6: 1104.1162 | I6: 8.23 | J6: 28.004344 | K6: 28.004344 | L6: 38.1 | M6: 0.0099018882 | N6: 2.2918119 | O6: 22.1 | P6: 0.0099018882 | Q6: 1.0198563 | R6: 26 | S6: 0.00091168091 | T6: 22.1 | U6: 0.0099018882 | V6: NA | W6: NA | X6: 0.994 | Y6: 0.664
A7: 5 | B7: A | C7: ='Liu2019'!$C$17 -> 1.05 | D7: ='Liu2019'!$C$20 -> 0.0043 | E7: ='Liu2019'!$C$18 -> 0.716 | F7: 1.1 | G7: 0.463 | H7: 1054.1075 | I7: 8.23 | J7: 28.02548 | K7: 28.02548 | L7: 38.4 | M7: 0.0090751997 | N7: 2.189251 | O7: 22.3 | P7: 0.0090751997 | Q7: 1.0136232 | R7: 25.2 | S7: 0.0020512821 | T7: 22.3 | U7: 0.0090751997 | V7: NA | W7: NA | X7: 0.955 | Y7: 0.626
A8: 6 | B8: A | C8: ='Liu2019'!$C$17 -> 1.05 | D8: ='Liu2019'!$C$20 -> 0.0043 | E8: ='Liu2019'!$C$18 -> 0.716 | F8: 1.1 | G8: 0.453 | H8: 1037.42 | I8: 8.23 | J8: 28.003367 | K8: 28.003367 | L8: 38.4 | M8: 0.0086882007 | N8: 2.1499231 | O8: 21.7 | P8: 0.0086882007 | Q8: 0.97391517 | R8: 25.2 | S8: 0.0018233618 | T8: 21.7 | U8: 0.0086882007 | V8: NA | W8: NA | X8: 0.977 | Y8: 0.635
A9: 7 | B9: A | C9: ='Liu2019'!$C$17 -> 1.05 | D9: ='Liu2019'!$C$20 -> 0.0043 | E9: ='Liu2019'!$C$18 -> 0.716 | F9: 1.1 | G9: 0.455 | H9: 1043.7654 | I9: 8.23 | J9: 27.982724 | K9: 27.982724 | L9: 38.8 | M9: 0.0076524396 | N9: 2.1568633 | O9: 20.7 | P9: 0.0076524396 | Q9: 0.98137281 | R9: 24.4 | S9: 0.0018233618 | T9: 20.7 | U9: 0.0076524396 | V9: NA | W9: NA | X9: 0.996 | Y9: 0.633
A10: 8 | B10: A | C10: ='Liu2019'!$C$17 -> 1.05 | D10: ='Liu2019'!$C$20 -> 0.0043 | E10: ='Liu2019'!$C$18 -> 0.716 | F10: 1.1 | G10: 0.437 | H10: 1016.5697 | I10: 8.23 | J10: 27.964365 | K10: 27.964365 | L10: 38.6 | M10: 0.0072665868 | N10: 2.0967148 | O10: 20.4 | P10: 0.0072665868 | Q10: 0.91626438 | R10: 24 | S10: 0.0018233618 | T10: 20.4 | U10: 0.0072665868 | V10: NA | W10: NA | X10: 0.963 | Y10: 0.593
A11: 9 | B11: A | C11: ='Liu2019'!$C$17 -> 1.05 | D11: ='Liu2019'!$C$20 -> 0.0043 | E11: ='Liu2019'!$C$18 -> 0.716 | F11: 1.1 | G11: 0.381 | H11: 1211.3178 | I11: 8.23 | J11: 27.962428 | K11: 27.962428 | L11: 37.6 | M11: 0.0064298957 | N11: 2.4953914 | O11: 21.3 | P11: 0.0064298957 | Q11: 0.95074412 | R11: 24.5 | S11: 0.0018233618 | T11: 21.3 | U11: 0.0064298957 | V11: NA | W11: NA | X11: 0.892 | Y11: 0.544
A12: 10 | B12: A | C12: ='Liu2019'!$C$17 -> 1.05 | D12: ='Liu2019'!$C$20 -> 0.0043 | E12: ='Liu2019'!$C$18 -> 0.716 | F12: 1.1 | G12: 0.536 | H12: 913.44753 | I12: 8.23 | J12: 27.927546 | K12: 27.927546 | L12: 37.8 | M12: 0.0065007882 | N12: 1.8769415 | O12: 20.2 | P12: 0.0065007882 | Q12: 1.0060406 | R12: 23.9 | S12: 0.0022792023 | T12: 20.2 | U12: 0.0065007882 | V12: NA | W12: NA | X12: 0.959 | Y12: 0.587
A13: 11 | B13: A | C13: ='Liu2019'!$C$17 -> 1.05 | D13: ='Liu2019'!$C$20 -> 0.0043 | E13: ='Liu2019'!$C$18 -> 0.716 | F13: 1.1 | G13: 0.461 | H13: 830.39927 | I13: 8.23 | J13: 27.331579 | K13: 27.331579 | L13: 25.4 | M13: 0.005857743 | N13: 1.6286362 | O13: 17.2 | P13: 0.005857743 | Q13: 0.75080127 | R13: 20 | S13: 0.0022792023 | T13: 17.2 | U13: 0.005857743 | V13: NA | W13: NA | X13: 0.749 | Y13: 0.429
A14: 12 | B14: A | C14: ='Liu2019'!$C$17 -> 1.05 | D14: ='Liu2019'!$C$20 -> 0.0043 | E14: ='Liu2019'!$C$18 -> 0.716 | F14: 1.1 | G14: 0.361 | H14: 1169.9055 | I14: 8.23 | J14: 28.097299 | K14: 28.097299 | L14: 38.4 | M14: 0.01253618 | N14: 2.4537501 | O14: 24.4 | P14: 0.01253618 | Q14: 0.8858038 | R14: 25 | S14: 0.0022792023 | T14: 24.4 | U14: 0.01253618 | V14: NA | W14: NA | X14: 0.966 | Y14: 0.714
... A19: 17 | B19: A | C19: ='Liu2019'!$C$17 -> 1.05 | D19: ='Liu2019'!$C$20 -> 0.0043 | E19: ='Liu2019'!$C$18 -> 0.716 | F19: 1.1 | G19: 0.391 | H19: 1206.9405 | I19: 8.23 | J19: 28.091197 | K19: 28.091197 | L19: 37.6 | M19: 0.013453335 | N19: 2.533177 | O19: 25.1 | P19: 0.013453335 | Q19: 0.9904722 | R19: 27 | S19: 0.0022792023 | T19: 25.1 | U19: 0.013453335 | V19: NA | W19: NA | X19: 0.993 | Y19: 0.711
