Workbook

Sheet Characteristics
B2: Paper information
B3: Authors | C3: Pakari & Ghani
B4: Title | C4: Regression models for performance prediction of counter ﬂow dew point evaporative cooling systems
B5: Year | C5: 2019
B6: Data type | C6: Experimental data (extracted from graphs) and numerical data (from table)
B7: Description | C7: Numerically testing of 90 combinations of geometrical parameters and operating conditions to evaluate the performance of D-IEC. Validation of the model performed with a vertical 100-channel D-IEC with dry channels made of corrugated plastic sheets stacked next to each other, and wicking paper pasted on the wet channels to enhance their wettability. Cooling system tested by varying the primary air extraction ratio and the inlet air conditions (temperature, relative humidity, and velocity).
B9: HEX characteristics | E9: Configuration
B10: HEX type | C10: D-IEC | E10: pd | F10: wf | G10: pd | H10: sw | I10: sw | J10: wf
B11: Water injection type | C11: Wet surface theory | E11: counterflow | G11: counterflow | I11: parallel
B12: Water recirculation | C12: Yes
B13: Wall material | C13: Plastic sheets
B14: Configuration | C14: PCC
B16: Geometry | F16: Measurement uncertainties
B17: Length | C17: =0.5 -> 0.5 | D17: m | F17: Temperature | G17: 0.2 | H17: K
B18: Width | C18: =0.3 -> 0.3 | D18: m | F18: Humidity | G18: 4.6511628 | H18: %
B19: Height | C19: =C20*C22+C22*C21 -> 0.22 | D19: m | F19: Air flow | G19: 5.8823529 | H19: %
B20: Channel height | C20: =0.002 -> 0.002 | D20: m
B21: Wall thickness | C21: =0.2*0.001 -> 0.0002 | D21: m
B22: Number of channels | C22: =50*2 -> 100 | D22: -
B24: Operating conditions | F24: Test
B25: Primary fluid velocity | C25: 0.5-1.5 | D25: m/s | F25: E | G25: Experimental
B26: Secondary fluid velocity | C26: 0.15-0.52 | D26: m/s | F26: N | G26: Numerical
B27: Secondary-to-Primary flow rate ratio | C27: 0.15-0.5 | D27: kg/kg
B28: Water supplied | C28: NA | D28: kg/s

Sheet Data
B1: Testing conditions | L1: Inlet conditions | T1: Outlet conditions
A2: Run | B2: Test | C2: L | D2: h_ch | E2: W | F2: WWR | G2: SPR | H2: Re | I2: Nu | J2: h_T_pd | K2: h_T_sw | L2: T_pdi | M2: w_pdi | N2: v_pdi | O2: T_swi | P2: w_swi | Q2: v_swi | R2: T_wfi | S2: m_dot_wf | T2: T_pdo | U2: w_pdo | V2: T_swo | W2: w_swo | X2: epsilon_wb | Y2: epsilon_dp
A3: 1 | B3: E | C3: =Characteristics!$C$17 -> 0.5 | D3: =Characteristics!$C$20 -> 0.002 | E3: =Characteristics!$C$18 -> 0.3 | F3: 1 | G3: 0.332 | H3: 2.81 | I3: 2.81 | J3: 18.351521 | K3: 49.24216 | L3: 29.2 | M3: 0.010940398 | N3: 0.59 | O3: 17.909635 | P3: 0.010940398 | Q3: 0.19588 | R3: NA | S3: NA | T3: 17.909635 | U3: =P3 -> 0.010940398 | V3: NA | W3: NA | X3: 1.2305051 | Y3: 0.8150943
A4: 2 | B4: E | C4: =Characteristics!$C$17 -> 0.5 | D4: =Characteristics!$C$20 -> 0.002 | E4: =Characteristics!$C$18 -> 0.3 | F4: 1 | G4: 0.447 | H4: 2.81 | I4: 2.81 | J4: 18.337038 | K4: 49.203297 | L4: 30.1 | M4: 0.0080015282 | N4: 0.55 | O4: 16.332063 | P4: 0.0080015282 | Q4: 0.24585 | R4: NA | S4: NA | T4: 16.332063 | U4: =P4 -> 0.0080015282 | V4: NA | W4: NA | X4: 1.1409079 | Y4: 0.70747741
A5: 3 | B5: E | C5: =Characteristics!$C$17 -> 0.5 | D5: =Characteristics!$C$20 -> 0.002 | E5: =Characteristics!$C$18 -> 0.3 | F5: 1 | G5: 0.236 | H5: 2.81 | I5: 2.81 | J5: 18.409552 | K5: 49.397873 | L5: 30.2 | M5: 0.0083200226 | N5: 0.82 | O5: 19.052803 | P5: 0.0083200226 | Q5: 0.19352 | R5: NA | S5: NA | T5: 19.052803 | U5: =P5 -> 0.0083200226 | V5: NA | W5: NA | X5: 0.93847042 | Y5: 0.58726973
A6: 4 | B6: E | C6: =Characteristics!$C$17 -> 0.5 | D6: =Characteristics!$C$20 -> 0.002 | E6: =Characteristics!$C$18 -> 0.3 | F6: 1 | G6: 0.38 | H6: 2.81 | I6: 2.81 | J6: 18.368109 | K6: 49.28667 | L6: 30.3 | M6: 0.0080950354 | N6: 0.62 | O6: 17.338051 | P6: 0.0080950354 | Q6: 0.2356 | R6: NA | S6: NA | T6: 17.338051 | U6: =P6 -> 0.0080950354 | V6: NA | W6: NA | X6: 1.0689802 | Y6: 0.66510955
A7: 5 | B7: E | C7: =Characteristics!$C$17 -> 0.5 | D7: =Characteristics!$C$20 -> 0.002 | E7: =Characteristics!$C$18 -> 0.3 | F7: 1 | G7: 0.37 | H7: 2.81 | I7: 2.81 | J7: 18.44138 | K7: 49.483276 | L7: 30.3 | M7: 0.0091903226 | N7: 0.87 | O7: 20.226456 | P7: 0.0091903226 | Q7: 0.3219 | R7: NA | S7: NA | T7: 20.226456 | U7: =P7 -> 0.0091903226 | V7: NA | W7: NA | X7: 0.89467804 | Y7: 0.57254399
A8: 6 | B8: E | C8: =Characteristics!$C$17 -> 0.5 | D8: =Characteristics!$C$20 -> 0.002 | E8: =Characteristics!$C$18 -> 0.3 | F8: 1 | G8: 0.172 | H8: 2.81 | I8: 2.81 | J8: 18.578812 | K8: 49.852043 | L8: 30.5 | M8: 0.0092977658 | N8: 0.95 | O8: 25.378334 | P8: 0.0092977658 | Q8: 0.1634 | R8: NA | S8: NA | T8: 25.378334 | U8: =P8 -> 0.0092977658 | V8: NA | W8: NA | X8: 0.45275912 | Y8: 0.29067973
A9: 7 | B9: E | C9: =Characteristics!$C$17 -> 0.5 | D9: =Characteristics!$C$20 -> 0.002 | E9: =Characteristics!$C$18 -> 0.3 | F9: 1 | G9: 0.359 | H9: 2.81 | I9: 2.81 | J9: 18.60018 | K9: 49.909379 | L9: 32.4 | M9: 0.017592555 | N9: 0.57 | O9: 24.776266 | P9: 0.017592555 | Q9: 0.20463 | R9: NA | S9: NA | T9: 24.776266 | U9: =P9 -> 0.017592555 | V9: NA | W9: NA | X9: 1.0800905 | Y9: 0.79338086
A10: 8 | B10: E | C10: =Characteristics!$C$17 -> 0.5 | D10: =Characteristics!$C$20 -> 0.002 | E10: =Characteristics!$C$18 -> 0.3 | F10: 1 | G10: 0.367 | H10: 2.81 | I10: 2.81 | J10: 18.554986 | K10: 49.788111 | L10: 35.1 | M10: 0.0099283395 | N10: 0.54 | O10: 19.883506 | P10: 0.0099283395 | Q10: 0.19818 | R10: NA | S10: NA | T10: 19.883506 | U10: =P10 -> 0.0099283395 | V10: NA | W10: NA | X10: 1.0849351 | Y10: 0.71677373
A11: 9 | B11: E | C11: =Characteristics!$C$17 -> 0.5 | D11: =Characteristics!$C$20 -> 0.002 | E11: =Characteristics!$C$18 -> 0.3 | F11: 1 | G11: 0.322 | H11: 2.81 | I11: 2.81 | J11: 18.678523 | K11: 50.119597 | L11: 36.8 | M11: 0.011712303 | N11: 0.58 | O11: 23.114861 | P11: 0.011712303 | Q11: 0.18676 | R11: NA | S11: NA | T11: 23.114861 | U11: =P11 -> 0.011712303 | V11: NA | W11: NA | X11: 0.97745407 | Y11: 0.67067527
A12: 10 | B12: E | C12: =Characteristics!$C$17 -> 0.5 | D12: =Characteristics!$C$20 -> 0.002 | E12: =Characteristics!$C$18 -> 0.3 | F12: 1 | G12: 0.369 | H12: 2.81 | I12: 2.81 | J12: 18.589339 | K12: 49.880289 | L12: 38.2 | M12: 0.0092316698 | N12: 0.51 | O12: 18.084921 | P12: 0.0092316698 | Q12: 0.18819 | R12: NA | S12: NA | T12: 18.084921 | U12: =P12 -> 0.0092316698 | V12: NA | W12: NA | X12: 1.2039128 | Y12: 0.79109451
A13: 11 | B13: E | C13: =Characteristics!$C$17 -> 0.5 | D13: =Characteristics!$C$20 -> 0.002 | E13: =Characteristics!$C$18 -> 0.3 | F13: 1 | G13: 0.376 | H13: 2.81 | I13: 2.81 | J13: 18.793589 | K13: 50.42835 | L13: 40.2 | M13: 0.015088219 | N13: 0.83 | O13: 24.4638 | P13: 0.015088219 | Q13: 0.31208 | R13: NA | S13: NA | T13: 24.4638 | U13: =P13 -> 0.015088219 | V13: NA | W13: NA | X13: 1.0933487 | Y13: 0.79261868
A14: 12 | B14: E | C14: =Characteristics!$C$17 -> 0.5 | D14: =Characteristics!$C$20 -> 0.002 | E14: =Characteristics!$C$18 -> 0.3 | F14: 1 | G14: 0.483 | H14: 2.81 | I14: 2.81 | J14: 18.768483 | K14: 50.360983 | L14: 42.2 | M14: 0.0093492893 | N14: 0.67 | O14: 21.087643 | P14: 0.0093492893 | Q14: 0.32361 | R14: NA | S14: NA | T14: 21.087643 | U14: =P14 -> 0.0093492893 | V14: NA | W14: NA | X14: 1.0835197 | Y14: 0.72212417
... A17: 15 | B17: E | C17: =Characteristics!$C$17 -> 0.5 | D17: =Characteristics!$C$20 -> 0.002 | E17: =Characteristics!$C$18 -> 0.3 | F17: 1 | G17: 0.337 | H17: 2.81 | I17: 2.81 | J17: 18.813693 | K17: 50.482293 | L17: 44.2 | M17: 0.0098075552 | N17: 0.55 | O17: 20.889494 | P17: 0.0098075552 | Q17: 0.18535 | R17: NA | S17: NA | T17: 20.889494 | U17: =P17 -> 0.0098075552 | V17: NA | W17: NA | X17: 1.1297889 | Y17: 0.76391787
A18: 16 | B18: N | C18: 0.75 | D18: 0.0035 | E18: 0.3 | F18: 1 | G18: 0.325 | H18: 2.81 | I18: 2.81 | J18: 10.663737 | K18: 28.613729 | L18: 35.5 | M18: 0.010891679 | N18: 1 | O18: 23.7 | P18: 0.010891679 | Q18: 0.325 | R18: NA | S18: NA | T18: 23.7 | U18: 0.010891679 | V18: NA | W18: NA | X18: 0.86 | Y18: 0.58358454
A19: 17 | B19: N | C19: 0.875 | D19: 0.00275 | E19: 0.3 | F19: 1 | G19: 0.2375 | H19: 2.81 | I19: 2.81 | J19: 13.719467 | K19: 36.813088 | L19: 40.25 | M19: 0.019027519 | N19: 0.75 | O19: 27.5 | P19: 0.019027519 | Q19: 0.178125 | R19: NA | S19: NA | T19: 27.5 | U19: 0.019027519 | V19: NA | W19: NA | X19: 1.05 | Y19: 0.7871721
A20: 18 | B20: N | C20: 0.625 | D20: 0.00275 | E20: 0.3 | F20: 1 | G20: 0.2375 | H20: 2.81 | I20: 2.81 | J20: 13.741358 | K20: 36.871828 | L20: 40.25 | M20: 0.019027519 | N20: 0.75 | O20: 28.7 | P20: 0.019027519 | Q20: 0.178125 | R20: NA | S20: NA | T20: 28.7 | U20: 0.019027519 | V20: NA | W20: NA | X20: 0.94 | Y20: 0.71308531
A21: 19 | B21: N | C21: 0.75 | D21: 0.0035 | E21: 0.3 | F21: 1 | G21: 0.325 | H21: 2.81 | I21: 2.81 | J21: 10.663737 | K21: 28.613729 | L21: 35.5 | M21: 0.010891679 | N21: 1 | O21: 23.7 | P21: 0.010891679 | Q21: 0.325 | R21: NA | S21: NA | T21: 23.7 | U21: 0.010891679 | V21: NA | W21: NA | X21: 0.86 | Y21: 0.58358454
A22: 20 | B22: N | C22: 0.625 | D22: 0.00275 | E22: 0.3 | F22: 1 | G22: 0.4125 | H22: 2.81 | I22: 2.81 | J22: 13.400428 | K22: 35.95702 | L22: 30.75 | M22: 0.0055147537 | N22: 1.25 | O22: 19 | P22: 0.0055147537 | Q22: 0.515625 | R22: NA | S22: NA | T22: 19 | U22: 0.0055147537 | V22: NA | W22: NA | X22: 0.81 | Y22: 0.46050115
A23: 21 | B23: N | C23: 0.625 | D23: 0.00275 | E23: 0.3 | F23: 1 | G23: 0.2375 | H23: 2.81 | I23: 2.81 | J23: 13.727049 | K23: 36.833435 | L23: 40.25 | M23: 0.0093704221 | N23: 1.25 | O23: 27.2 | P23: 0.0093704221 | Q23: 0.296875 | R23: NA | S23: NA | T23: 27.2 | U23: 0.0093704221 | V23: NA | W23: NA | X23: 0.72 | Y23: 0.47885557
A24: 22 | B24: N | C24: 0.75 | D24: 0.0035 | E24: 0.3 | F24: 1 | G24: 0.325 | H24: 2.81 | I24: 2.81 | J24: 10.663737 | K24: 28.613729 | L24: 35.5 | M24: 0.010891679 | N24: 1 | O24: 23.7 | P24: 0.010891679 | Q24: 0.325 | R24: NA | S24: NA | T24: 23.7 | U24: 0.010891679 | V24: NA | W24: NA | X24: 0.86 | Y24: 0.58358454
A25: 23 | B25: N | C25: 0.625 | D25: 0.00275 | E25: 0.3 | F25: 1 | G25: 0.4125 | H25: 2.81 | I25: 2.81 | J25: 13.712166 | K25: 36.793499 | L25: 40.25 | M25: 0.019027519 | N25: 0.75 | O25: 27.1 | P25: 0.019027519 | Q25: 0.309375 | R25: NA | S25: NA | T25: 27.1 | U25: 0.019027519 | V25: NA | W25: NA | X25: 1.07 | Y25: 0.81186769
A26: 24 | B26: N | C26: 0.625 | D26: 0.00425 | E26: 0.3 | F26: 1 | G26: 0.4125 | H26: 2.81 | I26: 2.81 | J26: 8.8473859 | K26: 23.739961 | L26: 40.25 | M26: 0.0093704221 | N26: 0.75 | O26: 24.3 | P26: 0.0093704221 | Q26: 0.309375 | R26: NA | S26: NA | T26: 24.3 | U26: 0.0093704221 | V26: NA | W26: NA | X26: 0.88 | Y26: 0.58526792
A27: 25 | B27: N | C27: 0.625 | D27: 0.00425 | E27: 0.3 | F27: 1 | G27: 0.4125 | H27: 2.81 | I27: 2.81 | J27: 8.9280143 | K27: 23.956309 | L27: 40.25 | M27: 0.019027519 | N27: 1.25 | O27: 31.8 | P27: 0.019027519 | Q27: 0.515625 | R27: NA | S27: NA | T27: 31.8 | U27: 0.019027519 | V27: NA | W27: NA | X27: 0.69 | Y27: 0.52169445
A28: 26 | B28: N | C28: 0.875 | D28: 0.00425 | E28: 0.3 | F28: 1 | G28: 0.2375 | H28: 2.81 | I28: 2.81 | J28: 8.7257696 | K28: 23.413631 | L28: 30.75 | M28: 0.01112818 | N28: 1.25 | O28: 23.8 | P28: 0.01112818 | Q28: 0.296875 | R28: NA | S28: NA | T28: 23.8 | U28: 0.01112818 | V28: NA | W28: NA | X28: 0.69 | Y28: 0.45901743
A29: 27 | B29: N | C29: 0.875 | D29: 0.00425 | E29: 0.3 | F29: 1 | G29: 0.4125 | H29: 2.81 | I29: 2.81 | J29: 8.6757418 | K29: 23.279393 | L29: 30.75 | M29: 0.0055147537 | N29: 1.25 | O29: 19.4 | P29: 0.0055147537 | Q29: 0.515625 | R29: NA | S29: NA | T29: 19.4 | U29: 0.0055147537 | V29: NA | W29: NA | X29: 0.78 | Y29: 0.44482451
... A107: 105 | B107: N | C107: 0.875 | D107: 0.00275 | E107: 0.3 | F107: 1 | G107: 0.4125 | H107: 2.81 | I107: 2.81 | J107: 13.639786 | K107: 36.599283 | L107: 40.25 | M107: 0.0093704221 | N107: 1.25 | O107: 22.5 | P107: 0.0093704221 | Q107: 0.515625 | R107: NA | S107: NA | T107: 22.5 | U107: 0.0093704221 | V107: NA | W107: NA | X107: 0.99 | Y107: 0.65131697
