Workbook

Sheet Characteritics
B2: Paper information
B3: Authors | C3: Lin et al.
B4: Title | C4: Towards a thermodynamically favorable dew point evaporative cooler via optimization
B5: Year | C5: 2020
B6: Data type | C6: Experimental data, extracted from graphs
B7: Description | C7: Horizontal 20-channel counterflow D-IEC with a Polyethylene Terephthalate (PET) sheet between dry and wet channels. Thin sheet of absorbent material on the wet channel surface to circulate water through capillary action. Evaluation of the impact of the primary air temperature and velocity at the heat exchanger inlet and the recirculation ratio on the primary and secondary air outlet temperature. Outlet specific humidity of the secondary air computed by performing an energy balance on the evaporative cooler.
B9: HEX characteristics | E9: Configuration
B10: HEX type | C10: D-IEC | E10: pd | F10: wf | G10: pd | H10: sw | I10: sw | J10: wf
B11: Water injection type | C11: Wet surface theory | E11: counterflow | G11: counterflow | I11: parallel
B12: Water recirculation | C12: No
B13: Wall material | C13: PET sheet
B14: Configuration | C14: PCC
B16: Geometry | F16: Measurement uncertainties
B17: Length | C17: 0.6 | D17: m | F17: Temperature | G17: 0.03 | H17: K
B18: Width | C18: 0.15 | D18: m | F18: Humidity | G18: 0.03 | H18: K_wb
B19: Height | C19: =C22*C20+(C22+1)*C21 -> 0.0684 | D19: m | F19: Air flow | G19: 2 | H19: %
B20: Channel height | C20: =3*0.001 -> 0.003 | D20: m
B21: Wall thickness | C21: =(200+200)*0.000001 -> 0.0004 | D21: m
B22: Number of channels | C22: 20 | D22: -
B24: Operating conditions | F24: Tests
B25: Primary fluid velocity | C25: 1.11-2 | D25: m/s | F25: A | G25: Varying T_pd_i
B26: Secondary fluid velocity | C26: 0.37-1.59 | D26: m/s | F26: B | G26: Varying v_pd_i
B27: Secondary-to-Primary flow rate ratio | C27: 0.22-0.9 | D27: kg/kg | F27: C | G27: Varying S/P
B28: Water supplied | C28: 0 | D28: kg/s

Sheet Data
B1: Testing conditions | L1: Inlet conditions | T1: Outlet conditions
A2: Run | B2: Test | C2: L | D2: h_ch | E2: W | F2: WWR | G2: SPR | H2: Re | I2: Nu | J2: h_T_pd | K2: h_T_sw | L2: T_pdi | M2: w_pdi | N2: v_pdi | O2: T_swi | P2: w_swi | Q2: v_swi | R2: T_wfi | S2: m_dot_wf | T2: T_pdo | U2: w_pdo | V2: T_swo | W2: w_swo | X2: epsilon_wb | Y2: epsilon_dp
A3: 1 | B3: A | C3: =Characteritics!$C$17 -> 0.6 | D3: =Characteritics!$C$20 -> 0.003 | E3: 0.5 | F3: 1 | G3: 0.33 | H3: 763.36696 | I3: 7.54 | J3: 32.914929 | K3: 32.914929 | L3: 30 | M3: 0.011 | N3: 2 | O3: 19 | P3: 0.011 | Q3: 0.66 | R3: NA | S3: 0 | T3: 19 | U3: 0.011 | V3: 27.3 | W3: 0.021060303 | X3: 1.1357907 | Y3: 0.75505531
A4: 2 | B4: A | C4: =Characteritics!$C$17 -> 0.6 | D4: =Characteritics!$C$20 -> 0.003 | E4: 0.5 | F4: 1 | G4: 0.33 | H4: 756.43782 | I4: 7.54 | J4: 33.055959 | K4: 33.055959 | L4: 32.471064 | M4: 0.011 | N4: 2 | O4: 19.6 | P4: 0.011 | Q4: 0.66 | R4: NA | S4: 0 | T4: 19.6 | U4: 0.011 | V4: 29 | W4: 0.02288242 | X4: 1.1285814 | Y4: 0.75577955
A5: 3 | B5: A | C5: =Characteritics!$C$17 -> 0.6 | D5: =Characteritics!$C$20 -> 0.003 | E5: 0.5 | F5: 1 | G5: 0.33 | H5: 749.48212 | I5: 7.54 | J5: 33.199393 | K5: 33.199393 | L5: 35 | M5: 0.011 | N5: 2 | O5: 20.2 | P5: 0.011 | Q5: 0.66 | R5: NA | S5: 0 | T5: 20.2 | U5: 0.011 | V5: 31.8 | W5: 0.02431901 | X5: 1.1214602 | Y5: 0.75631874
A6: 4 | B6: A | C6: =Characteritics!$C$17 -> 0.6 | D6: =Characteritics!$C$20 -> 0.003 | E6: 0.5 | F6: 1 | G6: 0.33 | H6: 743.11941 | I6: 7.54 | J6: 33.33227 | K6: 33.33227 | L6: 37.503599 | M6: 0.011 | N6: 2 | O6: 20.6 | P6: 0.011 | Q6: 0.66 | R6: NA | S6: 0 | T6: 20.6 | U6: 0.011 | V6: 33.7 | W6: 0.026251092 | X6: 1.1278491 | Y6: 0.76579847
A7: 5 | B7: A | C7: =Characteritics!$C$17 -> 0.6 | D7: =Characteritics!$C$20 -> 0.003 | E7: 0.5 | F7: 1 | G7: 0.33 | H7: 737.07381 | I7: 7.54 | J7: 33.460035 | K7: 33.460035 | L7: 40 | M7: 0.011 | N7: 2 | O7: 20.9 | P7: 0.011 | Q7: 0.66 | R7: NA | S7: 0 | T7: 20.9 | U7: 0.011 | V7: 35.7 | W7: 0.028209192 | X7: 1.1375206 | Y7: 0.77741922
A8: 6 | B8: B | C8: =Characteritics!$C$17 -> 0.6 | D8: =Characteritics!$C$20 -> 0.003 | E8: 0.5 | F8: 1 | G8: 0.33 | H8: 418.00534 | I8: 7.54 | J8: 33.121494 | K8: 33.121494 | L8: 35 | M8: 0.011 | N8: 1.1098739 | O8: 18.5 | P8: 0.011 | Q8: 0.36625838 | R8: NA | S8: 0 | T8: 18.5 | U8: 0.011 | V8: 32.1 | W8: 0.025578364 | X8: 1.2502766 | Y8: 0.84319319
A9: 7 | B9: B | C9: =Characteritics!$C$17 -> 0.6 | D9: =Characteritics!$C$20 -> 0.003 | E9: 0.5 | F9: 1 | G9: 0.33 | H9: 498.18503 | I9: 7.54 | J9: 33.135246 | K9: 33.135246 | L9: 35 | M9: 0.011 | N9: 1.3239364 | O9: 18.8 | P9: 0.011 | Q9: 0.43689901 | R9: NA | S9: 0 | T9: 18.8 | U9: 0.011 | V9: 32.3 | W9: 0.025252293 | X9: 1.2275443 | Y9: 0.82786241
A10: 8 | B10: B | C10: =Characteritics!$C$17 -> 0.6 | D10: =Characteritics!$C$20 -> 0.003 | E10: 0.5 | F10: 1 | G10: 0.33 | H10: 578.05274 | I10: 7.54 | J10: 33.153579 | K10: 33.153579 | L10: 35 | M10: 0.011 | N10: 1.5380005 | O10: 19.2 | P10: 0.011 | Q10: 0.50754015 | R10: NA | S10: 0 | T10: 19.2 | U10: 0.011 | V10: 32.1 | W10: 0.025009162 | X10: 1.1972345 | Y10: 0.80742136
A11: 9 | B11: B | C11: =Characteritics!$C$17 -> 0.6 | D11: =Characteritics!$C$20 -> 0.003 | E11: 0.5 | F11: 1 | G11: 0.33 | H11: 651.66723 | I11: 7.54 | J11: 33.18107 | K11: 33.18107 | L11: 35 | M11: 0.011 | N11: 1.7369327 | O11: 19.8 | P11: 0.011 | Q11: 0.57318779 | R11: NA | S11: 0 | T11: 19.8 | U11: 0.011 | V11: 32.1 | W11: 0.024521275 | X11: 1.1517699 | Y11: 0.77675979
A12: 10 | B12: B | C12: =Characteritics!$C$17 -> 0.6 | D12: =Characteritics!$C$20 -> 0.003 | E12: 0.5 | F12: 1 | G12: 0.33 | H12: 733.334 | I12: 7.54 | J12: 33.203972 | K12: 33.203972 | L12: 35 | M12: 0.011 | N12: 1.9574847 | O12: 20.3 | P12: 0.011 | Q12: 0.64596997 | R12: NA | S12: 0 | T12: 20.3 | U12: 0.011 | V12: 31.9 | W12: 0.02419668 | X12: 1.1138828 | Y12: 0.75120848
A13: 11 | B13: C | C13: 0.6 | D13: 0.003 | E13: 0.5 | F13: 1 | G13: 0.22 | H13: 742.47482 | I13: 7.54 | J13: 33.345822 | K13: 33.345822 | L13: 35 | M13: 0.011 | N13: 2 | O13: 23.4 | P13: 0.011 | Q13: 0.4478612 | R13: NA | S13: 0 | T13: 23.4 | U13: 0.011 | V13: 33.8 | W13: 0.027931794 | X13: 0.87898231 | Y13: 0.59279037
A14: 12 | B14: C | C14: 0.6 | D14: 0.003 | E14: 0.5 | F14: 1 | G14: 0.33 | H14: 749.92362 | I14: 7.54 | J14: 33.190232 | K14: 33.190232 | L14: 35 | M14: 0.011 | N14: 2 | O14: 20 | P14: 0.011 | Q14: 0.65328143 | R14: NA | S14: 0 | T14: 20 | U14: 0.011 | V14: 32.2 | W14: 0.024317648 | X14: 1.1366151 | Y14: 0.76653927
A15: 13 | B15: C | C15: 0.6 | D15: 0.003 | E15: 0.5 | F15: 1 | G15: 0.4 | H15: 752.58151 | I15: 7.54 | J15: 33.135246 | K15: 33.135246 | L15: 35 | M15: 0.011 | N15: 2 | O15: 18.8 | P15: 0.011 | Q15: 0.80278768 | R15: NA | S15: 0 | T15: 18.8 | U15: 0.011 | V15: 30.5 | W15: 0.022547669 | X15: 1.2275443 | Y15: 0.82786241
A16: 14 | B16: C | C16: 0.6 | D16: 0.003 | E16: 0.5 | F16: 1 | G16: 0.5 | H16: 755.47812 | I16: 7.54 | J16: 33.075637 | K16: 33.075637 | L16: 35 | M16: 0.011 | N16: 2 | O16: 17.5 | P16: 0.011 | Q16: 1.0009076 | R16: NA | S16: 0 | T16: 17.5 | U16: 0.011 | V16: 28.4 | W16: 0.020677622 | X16: 1.3260509 | Y16: 0.89429581
A17: 15 | B17: C | C17: 0.6 | D17: 0.003 | E17: 0.5 | F17: 1 | G17: 0.6 | H17: 757.49404 | I17: 7.54 | J17: 33.034342 | K17: 33.034342 | L17: 35 | M17: 0.011 | N17: 2 | O17: 16.6 | P17: 0.011 | Q17: 1.1931441 | R17: NA | S17: 0 | T17: 16.6 | U17: 0.011 | V17: 26 | W17: 0.019554504 | X17: 1.3942478 | Y17: 0.94028817
A18: 16 | B18: C | C18: 0.6 | D18: 0.003 | E18: 0.5 | F18: 1 | G18: 0.7 | H18: 758.3928 | I18: 7.54 | J18: 33.015983 | K18: 33.015983 | L18: 35 | M18: 0.011 | N18: 2 | O18: 16.2 | P18: 0.011 | Q18: 1.3957084 | R18: NA | S18: 0 | T18: 16.2 | U18: 0.011 | V18: 24.1 | W18: 0.018635862 | X18: 1.4245575 | Y18: 0.96072922
A19: 17 | B19: C | C19: 0.6 | D19: 0.003 | E19: 0.5 | F19: 1 | G19: 0.9 | H19: 759.06801 | I19: 7.54 | J19: 33.00221 | K19: 33.00221 | L19: 35 | M19: 0.011 | N19: 2 | O19: 15.9 | P19: 0.011 | Q19: 1.589438 | R19: NA | S19: 0 | T19: 15.9 | U19: 0.011 | V19: 23.6 | W19: 0.016448646 | X19: 1.4472898 | Y19: 0.97606
